date,meals_served,kitchen_staff,temperature_C,humidity_percent,day_of_week,special_event,past_waste_kg,staff_experience,waste_category,predicted_food_waste_kg
2024-01-01,252 meals,8 staff,19.086327667979404,84.01873437446946,0,1,29.31837403329368,EXPERT,dairy,20.436819049173106
2024-01-02,498 meals,11 staff,25.15610127917558,69.88907944297625,1,0,28.031408435576463,Beginner ,Bakery,32.71787841437241
2024-01-03,420 meals,12 staff,23.38543322332044,36.31317331429018,2,0,11.544960008409353,EXPERT,Rice,24.588475628109645
2024-01-04,256 meals,5 staff,15.362480820914596,70.3211857308321,3,0,9.996792429625335,EXPERT,Rice,15.703991431156432
2024-01-05,221 meals,9 staff,30.85516227145625,68.12567524217832,4,0,6.067070504354901,Beginner,Bakery,12.762534622749797
2024-01-06,338 meals,11 staff,16.380918126291995,78.34583509759987,5,0,5.497023751757291,Beginner,Rice,17.720786880646514
2024-01-07,170 meals,16 staff,24.485100419539076,79.51491999913085,6,0,40.19241742878741,EXPERT,VEGETABLES,19.777098772616693
2024-01-08,252 meals,8 staff,,82.09218454673874,0,0,6.803554240215597,intermediate,MeAt,14.120082083184252
2024-01-09,271 meals,17 staff,27.568529132291744,54.8478908747459,1,0,34.24884439492985,EXPERT,MeAt,22.99811551524185
2024-01-10,364 meals,8 staff,28.772632586157517,71.87186372112865,2,0,39.87940384979828,EXPERT,MeAt,29.14022880998733
2024-01-11,480 meals,8 staff,20.0654476704543,46.095021535338645,3,0,8.922313942498302,Beginner ,VEGETABLES,26.6732976958483
2024-01-12,237 meals,16 staff,15.199575533168987,89.96017679901026,4,0,22.452056953320707,Beginner,Rice,18.05273953046561
2024-01-13,249 meals,10 staff,29.46887324709824,40.5200544826116,5,0,43.49211932697106,Beginner,Bakery,24.469567445566252
2024-01-14,301 meals,11 staff,25.713131986951574,30.60686589965015,6,0,38.3655464209434,EXPERT,dairy,26.01864087215062
2024-01-15,280 meals,6 staff,31.722354064144977,38.92852287109056,0,0,24.588161274314203,EXPERT,Rice,21.110254723871307
2024-01-16,299 meals,19 staff,31.427767258013887,76.5523373726476,1,1,35.50284451166212,EXPERT,VEGETABLES,24.94239776830413
2024-01-17,458 meals,9 staff,31.866523355757664,56.80702059049269,2,0,38.33510497726655,intermediate,VEGETABLES,34.40418340983929
2024-01-18,407 meals,8 staff,24.701893199590803,56.8500148686257,3,0,18.92107852754877,Beginner,MeAt,25.188893959768347
2024-01-19,493 meals,19 staff,21.672567916737314,87.3013751767001,4,0,40.686116674798434,intermediate,Rice,36.733148016381136
2024-01-20,443 meals,18,30.8311640518274,85.17809448168445,5,0,23.818932787086272,Beginner ,MeAt,27.826427799494144
2024-01-21,341 meals,17 staff,24.0258822605851,48.67168426824056,6,0,26.1122945423532,EXPERT,dairy,24.520856570965343
2024-01-22,426,7 staff,18.66884392806869,42.54348772685197,0,0,44.98830551287324,intermediate,MeAt,34.02073959843315
2024-01-23,310 meals,11 staff,,80.90893259602439,1,0,38.73211864608645,Beginner,dairy,26.264245688864484
2024-01-24,463 meals,15,32.65119753544695,84.36114426266178,2,0,19.470800230919203,Beginner ,VEGETABLES,28.646409535291987
2024-01-25,171 meals,16 staff,24.3261951228034,62.495815367909216,3,0,5.413823858907998,EXPERT,MeAt,9.916011658936553
2024-01-26,402 meals,10 staff,16.51399454619575,67.76542266702603,4,0,30.046962951755788,Beginner ,MeAt,28.16211421562054
2024-01-27,385 meals,18 staff,22.756521798338625,45.414857081537605,5,0,33.15653704512431,intermediate,Bakery,29.03268646110098
2024-01-28,494 meals,11 staff,31.070753189252063,78.04816127871148,6,0,31.032107605735185,Beginner,VEGETABLES,33.140645045601836
2024-01-29,198 meals,9 staff,33.03548057092458,67.9273457069414,0,1,43.71449404652852,intermediate,Bakery,22.360146384703313
2024-01-30,208 meals,17 staff,19.06945484995192,60.21081067787979,1,0,39.51884109328577,EXPERT,dairy,21.930116347336266
2024-01-31,319 meals,10 staff,16.33947224050543,33.60651336470375,2,0,22.953267727225946,EXPERT,dairy,22.94920804064846
2024-02-01,337 meals,9 staff,60.0,84.95609775066922,3,0,7.514299498895238,Beginner,VEGETABLES,18.87440877693175
2024-02-02,420 meals,18 staff,22.788098779577503,66.92708522306435,4,0,24.042350780079875,EXPERT,dairy,28.277069123461526
2024-02-03,339 meals,11 staff,25.835219285351265,41.56146568157808,5,0,32.56976079848093,Beginner ,VEGETABLES,25.91168889110164
2024-02-04,324 meals,6,,66.38316701898316,6,0,29.308392329080185,Beginner ,dairy,24.001211337967526
2024-02-05,200 meals,18,16.33129455828446,70.6478012543984,0,0,26.525482708435398,EXPERT,Rice,17.599060768385446
2024-02-06,204 meals,15 staff,27.96636014904191,61.54622020099353,1,0,23.75275832060965,intermediate,MeAt,16.856506417552335
2024-02-07,393 meals,9,16.482108451497343,73.08610427736136,2,0,16.750474921095453,intermediate,Rice,24.759973046311504
2024-02-08,469 meals,10 staff,22.509378569330007,64.88723687571746,3,0,16.09387046898517,EXPERT,VEGETABLES,28.455861601848596
2024-02-09,280 meals,10 staff,31.076290903868934,86.86617492192889,4,0,25.00925915703208,intermediate,VEGETABLES,21.662012809225757
2024-02-10,456 meals,19 staff,23.669444655112688,33.22182471595841,5,0,11.42412585718596,Beginner ,Rice,25.773391213125254
2024-02-11,284 meals,9 staff,34.94364707805901,36.37474250817363,6,0,18.627416942992063,intermediate,MeAt,19.225280999198866
2024-02-12,170 meals,14 staff,26.181185698932044,40.4202982172604,0,0,17.959170988403983,EXPERT,MeAt,13.35753715973018
2024-02-13,478 meals,11 staff,21.42324305271907,71.41026423625993,1,0,28.485312063368035,Beginner ,Bakery,31.944907576899325
2024-02-14,316 meals,14 staff,,68.73575236498851,2,0,7.667292014520983,intermediate,dairy,18.481778978019207
2024-02-15,423 meals,12 staff,22.01041068572324,83.52353161258165,3,0,38.186747210603805,Beginner ,Bakery,32.02364368363689
2024-02-16,238 meals,11,22.450665475191016,73.9726471730339,4,0,27.495135215376084,EXPERT,MeAt,19.532425558703547
2024-02-17,465 meals,9 staff,16.37427355447922,60.50132925387554,5,0,31.83306723103741,EXPERT,Rice,32.131939359909886
2024-02-18,163 meals,5 staff,22.391483988535462,89.50990754781782,6,1,33.12375615037731,EXPERT,dairy,16.888644333927775
2024-02-19,391 meals,17 staff,24.2847703947845,45.966477370157946,0,0,16.65936547370146,intermediate,Rice,24.802130787188027
2024-02-20,414 meals,9 staff,29.454755044776093,79.99149958712724,1,0,23.81486269539466,EXPERT,Bakery,27.69625723071587
2024-02-21,495 meals,14 staff,28.13458969443216,55.60742233163516,2,0,43.24983823478669,Beginner ,VEGETABLES,37.239820497978506
2024-02-22,202,6 staff,29.175313104583083,68.92410833254405,3,0,35.6682095198726,Beginner,Rice,20.118428273403364
2024-02-23,489 meals,17 staff,15.167273637537145,73.63610822714604,4,0,43.78227500892741,EXPERT,Bakery,37.48601031831774
2024-02-24,241 meals,9 staff,19.35334799161072,68.02524523142017,5,0,34.85017380585153,EXPERT,Bakery,21.87920308909592
2024-02-25,413 meals,9 staff,28.23368576799713,38.4304381865156,6,0,12.024005588340696,Beginner,Bakery,23.928711766239996
2024-02-26,184 meals,6 staff,24.679787363594944,56.57706064487597,0,0,7.581435353787049,Beginner,VEGETABLES,11.27248740572999
2024-02-27,355 meals,9 staff,15.106269513366918,63.68630267598746,1,0,28.106457468786544,intermediate,VEGETABLES,26.322282559433546
2024-02-28,230 meals,17 staff,31.089892848636445,80.9426255507158,2,0,19.312531188104384,Beginner ,VEGETABLES,17.02752805879161
2024-02-29,199 meals,8 staff,30.456191465806747,56.618744927914335,3,0,16.01831640552681,EXPERT,dairy,14.905460018799799
2024-03-01,151 meals,5 staff,,85.12483828825509,4,0,37.2884398570167,EXPERT,VEGETABLES,18.446634330150378
2024-03-02,203 meals,7 staff,16.329266515525443,56.42245338151264,5,0,19.679730683277896,intermediate,VEGETABLES,15.903475510749017
2024-03-03,255 meals,5 staff,30.330300990651693,62.926791555780696,6,0,17.680038789372155,intermediate,VEGETABLES,17.951355720145983
2024-03-04,409 meals,16 staff,26.67427175462728,77.77714097656806,0,0,38.999503726760416,EXPERT,Rice,31.63242315703399
2024-03-05,459 meals,15 staff,30.639199543159183,64.98406106532862,1,0,38.8514934594584,EXPERT,VEGETABLES,34.398241029493974
2024-03-06,340 meals,19 staff,30.03493984791681,87.61308434296947,2,0,19.254665510202265,EXPERT,dairy,22.725335055511025
2024-03-07,367 meals,9 staff,31.06004143915674,69.62014983084765,3,0,38.29994803943865,Beginner,Bakery,29.324982459988338
2024-03-08,193 meals,8,25.36016132809249,61.36256724405607,4,0,39.03113961330642,EXPERT,Rice,21.1008910557567
2024-03-09,311 meals,11 staff,17.8064903638703,31.415518066847756,5,0,21.95722140118665,Beginner,MeAt,21.009459399180606
2024-03-10,351 meals,9,28.42314946759377,54.82397385481979,6,0,7.658925208366862,EXPERT,VEGETABLES,19.81838669954446
2024-03-11,419 meals,14 staff,27.40947570103941,47.95490515560962,0,0,5.063385778653604,Beginner,Bakery,22.478188948580435
2024-03-12,453 meals,18,29.845063743981743,74.88634007324936,1,0,25.9316985155598,Beginner ,Bakery,30.07178214319291
2024-03-13,420 meals,8 staff,18.397620121014707,42.496660509212745,2,0,18.76301973481423,EXPERT,Rice,26.732598221164714
2024-03-14,364,6 staff,18.899503998005784,42.31320523764431,3,0,44.88527576633464,intermediate,MeAt,31.161378325868203
2024-03-15,401 meals,8 staff,32.808190344386574,41.371142594242606,4,0,35.89643998509137,EXPERT,dairy,30.86701896298279
2024-03-16,339 meals,16 staff,29.999555969041417,37.53693678937415,5,0,35.4510182540165,EXPERT,Bakery,27.25777258222716
2024-03-17,445 meals,6 staff,33.16456977400646,48.66042022025324,6,0,43.20971073149374,EXPERT,Bakery,34.68377667070443
2024-03-18,362,12 staff,30.174306423278416,83.1553268666055,0,1,40.50897591573283,Beginner ,Bakery,29.134312728620536
2024-03-19,357,7 staff,26.94310611980604,76.4957083383573,1,0,17.72749917825555,Beginner,Bakery,22.82219948420369
2024-03-20,386 meals,13 staff,28.082654740557476,74.11507297840761,2,0,11.639488864155055,intermediate,Rice,23.105889805234106
2024-03-21,487 meals,17 staff,32.7825584788002,77.84020833899777,3,0,34.83569060261929,Beginner,MeAt,33.83681716492384
2024-03-22,202 meals,8,26.57613509023881,46.1650733597743,4,0,20.13095574731492,Beginner,Bakery,16.137531500268018
2024-03-23,429 meals,17,27.647826486567748,83.24650144514928,5,0,23.926906065238256,EXPERT,dairy,28.168720607341932
2024-03-24,366 meals,10 staff,18.12953432007201,38.238202508496265,6,0,30.215909250993075,Beginner ,dairy,26.735098427556988
2024-03-25,401 meals,14 staff,24.47842440232205,50.18074360293492,0,0,41.31490707740963,EXPERT,VEGETABLES,32.29008985090512
2024-03-26,337 meals,9 staff,-10.0,65.20488713804058,1,0,21.76351014683864,Beginner ,Bakery,23.096818674268437
2024-03-27,190 meals,14 staff,20.41885396632731,36.17430530052004,2,0,36.33267560877445,Beginner,Bakery,20.161477698545916
2024-03-28,306 meals,17 staff,19.0450836104907,73.8078112665855,3,0,15.733591650986298,Beginner,Bakery,19.99126440506332
2024-03-29,164 meals,5 staff,21.276536164488316,53.234762892208494,4,0,32.918871636944544,Beginner ,Bakery,17.82639230545986
2024-03-30,450 meals,13,19.83001255985667,77.06433993650401,5,0,5.063176843116475,Beginner,Bakery,23.627175210941402
2024-03-31,214 meals,5 staff,19.29825274072792,59.57377713507616,6,1,39.86028853962539,Beginner,dairy,21.332069838412536
2024-04-01,494 meals,12 staff,23.49701685736174,40.85247146552018,0,0,6.2151831981785,intermediate,MeAt,26.55609955599805
2024-04-02,476 meals,13 staff,33.15677027767068,74.08570868132065,1,0,33.51015019050337,EXPERT,MeAt,33.073940278223986
2024-04-03,158 meals,13 staff,25.141192934774367,45.12863735033662,2,0,6.850327570451356,EXPERT,VEGETABLES,10.402561485194402
2024-04-04,493 meals,5 staff,18.75840761630646,59.44861807608257,3,0,15.649827975760138,EXPERT,dairy,29.529675888722032
2024-04-05,278 meals,6 staff,,34.531996149414454,4,0,24.888096142262125,EXPERT,Bakery,21.68638486477965
2024-04-06,285 meals,16 staff,28.923122902758504,67.0719992647222,5,0,21.79754741392953,intermediate,MeAt,20.100016283976338
2024-04-07,212 meals,17,22.65597528872776,69.95146597297664,6,0,12.673444584040425,EXPERT,Rice,14.150925996737774
2024-04-08,288 meals,5 staff,31.436618931707187,52.72045259836702,0,1,18.35259646836949,EXPERT,Rice,19.435215421167264
2024-04-09,230 meals,14 staff,28.1902153728154,87.26536681926443,1,0,34.10825480243868,intermediate,Rice,21.54809289011645
2024-04-10,312 meals,6,30.92482901082737,82.4501352889241,2,0,31.77028370318593,Beginner,Bakery,24.60302858717482
2024-04-11,438 meals,14 staff,20.43892078836897,72.47645494439968,3,1,7.872583350556628,EXPERT,Bakery,24.320860319655104
2024-04-12,410 meals,16 staff,28.84717844922116,72.81912446962457,4,0,34.892633022915454,Beginner,VEGETABLES,30.728596135633328
2024-04-13,380 meals,12 staff,20.281239693874376,45.14410289652908,5,0,7.121835247881134,EXPERT,VEGETABLES,21.223397566792297
2024-04-14,190,9 staff,33.781369589005834,69.40891386530694,6,0,26.717055563991376,Beginner ,VEGETABLES,16.81077096401174
2024-04-15,177 meals,16,27.727485630667488,41.89237591413118,0,1,15.402509921687626,EXPERT,Rice,13.237519293928315
2024-04-16,284 meals,15 staff,21.490236003506844,38.64019343518933,1,0,28.507605102392755,EXPERT,Bakery,22.935090213126074
2024-04-17,350 meals,11 staff,20.39023724584545,89.96807365215481,2,0,15.453135837636074,Beginner ,Rice,21.754772412944174
2024-04-18,477 meals,6 staff,18.81853170143287,67.34255588839045,3,0,44.39831878503324,intermediate,VEGETABLES,37.24942986314274
2024-04-19,417,12 staff,28.89281917787456,55.85927235943143,4,0,17.389127349101273,Beginner ,Bakery,26.181283517362615
2024-04-20,182 meals,15 staff,19.374312259958547,47.28987137303708,5,0,14.67842542697984,intermediate,dairy,13.612169508291174
2024-04-21,197 meals,10 staff,26.906065318549786,66.23522661973365,6,0,16.138611636613838,EXPERT,MeAt,13.923323008093236
2024-04-22,211 meals,12 staff,,32.97561049320517,0,1,40.85891429037181,intermediate,MeAt,21.987454342783494
2024-04-23,365 meals,5 staff,28.239378895877373,35.680859430287704,1,0,30.44875314677379,Beginner ,VEGETABLES,27.165249786590948
2024-04-24,442 meals,19 staff,31.298794570810784,31.971401864423783,2,0,34.22736389683106,EXPERT,Rice,32.527703102111346
2024-04-25,248 meals,5 staff,30.560504862893065,59.9501899957597,3,0,41.720420403774014,Beginner,dairy,24.398157393909905
2024-04-26,321 meals,16 staff,30.217026618615638,66.03639775123095,4,0,41.4748993938003,Beginner,Bakery,28.22780107704925
2024-04-27,363 meals,11 staff,18.75444811384504,33.74878568146925,5,0,34.5578338631491,EXPERT,Rice,28.14197762278976
2024-04-28,184 meals,12 staff,16.767698939690373,73.27346804993499,6,1,12.912977153652916,Beginner,VEGETABLES,12.28886103803382
2024-04-29,376 meals,17 staff,28.97897656974771,43.82370429087386,0,1,38.73493282700022,EXPERT,Rice,29.92810036533117
2024-04-30,250 meals,7 staff,22.366944275887025,71.11208722619196,1,0,13.151041367642549,EXPERT,VEGETABLES,16.641212418434378
2024-05-01,280 meals,9 staff,23.646924528066947,88.91382840211475,2,1,34.71595256393728,Beginner ,MeAt,22.86887689395911
2024-05-02,406 meals,16 staff,15.62298185586782,71.46635220323107,3,0,32.424122661794975,Beginner ,MeAt,29.159965515995125
2024-05-03,154 meals,5 staff,-10.0,82.99158317541651,4,0,35.35555400561786,intermediate,Rice,18.265683059301423
2024-05-04,367 meals,11 staff,15.67352807748928,86.89191040458405,5,0,26.30742722855263,Beginner ,dairy,25.354610698467138
2024-05-05,404 meals,9 staff,32.583715452024954,59.20506290113893,6,1,30.549047289968783,EXPERT,Bakery,28.697973219765284
2024-05-06,432 meals,12 staff,19.86793366437061,72.13949876518241,0,0,43.13280321737021,Beginner ,VEGETABLES,33.91161785091735
2024-05-07,356 meals,17 staff,26.146743391460163,81.1181552133505,1,1,9.043543766968597,Beginner,Bakery,20.08692671183387
2024-05-08,164 meals,12 staff,15.779586413222608,51.39653477246317,2,0,17.353890991264798,intermediate,MeAt,13.324557832080053
2024-05-09,495 meals,13 staff,28.33694782611316,45.683838993623695,3,0,29.454280523935296,intermediate,dairy,34.033965410465434
2024-05-10,191 meals,11 staff,21.46054691508188,86.79591436670032,4,0,43.562165205259575,EXPERT,dairy,22.36429247847439
2024-05-11,328 meals,15 staff,32.95838373915332,73.57821002212907,5,0,8.822977906504047,Beginner ,Bakery,18.655804461348897
2024-05-12,212 meals,5 staff,32.762363778680715,43.18092800254958,6,0,5.901968861203457,Beginner,MeAt,11.53519633723413
2024-05-13,380 meals,17 staff,21.50581236723496,56.9450035605668,0,0,7.22998393881312,Beginner ,Bakery,21.248592624584894
2024-05-14,390 meals,7 staff,33.01921791380936,77.78710617226857,1,0,7.096227458447952,EXPERT,Rice,21.73610500539685
2024-05-15,201 meals,12 staff,34.923153469975574,62.823779455106525,2,0,41.312634311096176,Beginner ,dairy,21.930183641671064
2024-05-16,245 meals,7 staff,31.50831328247896,68.99712588995334,3,0,33.85031631735299,EXPERT,dairy,22.33510044017789
2024-05-17,371 meals,12,31.897426955104574,75.22609212270314,4,1,32.08425464785113,Beginner ,Rice,27.47540494668844
2024-05-18,380 meals,5 staff,19.9801747221818,67.32055132853884,5,0,25.90291281047238,intermediate,MeAt,26.03674828858037
2024-05-19,386 meals,9 staff,26.53404797715513,62.40475931533175,6,0,36.27810467888608,Beginner,dairy,29.406528481861976
2024-05-20,292 meals,8 staff,16.345118279347357,74.97685706326641,0,0,11.225919710463632,EXPERT,VEGETABLES,18.14198336125402
2024-05-21,320 meals,9,16.898358736433394,73.65378212593204,1,0,20.677647591537497,EXPERT,VEGETABLES,22.328016235300684
2024-05-22,178,12 staff,34.97785224066581,67.79234401099073,2,0,24.60017003057374,Beginner,MeAt,15.483179928590888
2024-05-23,185 meals,14 staff,21.53278498851822,51.58736480291577,3,0,9.41637990706905,Beginner,Rice,12.177833455749427
2024-05-24,162 meals,19 staff,,54.348725532016296,4,0,21.78054837350068,intermediate,Bakery,15.360838318923788
2024-05-25,309 meals,18 staff,31.13330106053633,88.22631293304585,5,0,17.660071170504814,intermediate,MeAt,20.161812078154128
2024-05-26,476 meals,8 staff,,36.74315593749155,6,0,6.4232858317385055,intermediate,Bakery,26.251815143408212
2024-05-27,336 meals,15 staff,34.95256594804313,46.11029503517012,0,1,10.469416109169408,EXPERT,MeAt,19.42148314740364
2024-05-28,392 meals,8 staff,19.82992970513736,59.54410555226014,1,0,35.56147292669887,Beginner ,VEGETABLES,29.94637223758761
2024-05-29,235 meals,19 staff,15.807016537193997,80.20378116862716,2,1,5.721516380185778,Beginner,Rice,13.108638973463357
2024-05-30,433 meals,7 staff,23.22383035989172,39.82053982378368,3,1,42.37013196385445,Beginner ,VEGETABLES,33.83243790860186
2024-05-31,215 meals,11 staff,17.60161339657894,46.617277087476594,4,1,8.456985297889496,Beginner ,Rice,13.148808461054529
2024-06-01,319 meals,7 staff,15.448517783241105,33.94789306771434,5,1,36.96952376813833,intermediate,Bakery,26.59867559997119
2024-06-02,194 meals,16,22.208536542829723,72.3591159630491,6,0,40.94466163773883,Beginner ,MeAt,20.56433626391764
2024-06-03,211 meals,7 staff,30.67476502150473,44.29256612853697,0,0,42.64542339401788,Beginner,dairy,22.751183714699422
2024-06-04,283 meals,15 staff,26.323613824501415,53.32048504025703,1,0,39.6990809398389,Beginner,dairy,25.62765425561611
2024-06-05,433 meals,14 staff,21.25555978420708,56.62208682178007,2,0,16.50200157701773,EXPERT,Rice,26.870209721528205
2024-06-06,177 meals,9,28.086840109854396,83.47883613638734,3,0,18.32348525353908,EXPERT,Rice,14.388548843839631
2024-06-07,257 meals,9,19.640363606176216,54.67981741987421,4,0,22.06182794440304,Beginner ,VEGETABLES,19.539747550077195
2024-06-08,193 meals,18 staff,15.2876289214417,38.71350119491494,5,1,10.571867576284031,EXPERT,dairy,12.568288915721539
2024-06-09,489 meals,10 staff,30.287067728728548,61.45889630040726,6,1,5.8908982026889545,EXPERT,VEGETABLES,26.031895091080365
2024-06-10,435 meals,12,27.474861697280183,87.77747967891779,0,0,39.76486457124138,EXPERT,Bakery,33.415217082398115
2024-06-11,480 meals,14 staff,30.2460524900192,66.46113846304866,1,0,27.165148648418253,EXPERT,dairy,32.225869743053444
2024-06-12,277 meals,10 staff,,89.00323322763435,2,1,29.34891768712865,Beginner,Bakery,21.930365699150833
2024-06-13,497 meals,19 staff,31.742392556613044,80.4664385363322,3,0,42.07953899271181,Beginner ,MeAt,36.55933258687918
2024-06-14,380 meals,16 staff,27.390524000726067,32.15794537280477,4,0,31.604807124544628,EXPERT,VEGETABLES,29.011815358521574
2024-06-15,339 meals,5 staff,-10.0,69.50397572262251,5,0,32.634140173592534,EXPERT,Rice,26.185040915679828
2024-06-16,374 meals,19 staff,27.492280962290632,47.206012653473024,6,0,36.47874593746969,EXPERT,dairy,29.449495882133547
2024-06-17,432 meals,12 staff,32.28866493736729,63.57701133868344,0,0,9.65393799429615,Beginner,VEGETABLES,24.541875889231385
2024-06-18,270 meals,12 staff,26.73873013117814,46.76071145587359,1,1,19.406486128551663,Beginner,Rice,18.83978749843789
2024-06-19,265 meals,13 staff,26.619007597763584,50.93222499631742,2,0,43.728317108134654,intermediate,MeAt,26.02385915441547
2024-06-20,382,13 staff,34.81358314131532,85.39012270525076,3,0,41.91720312402426,EXPERT,dairy,31.54994501949859
2024-06-21,408 meals,6 staff,30.13460334137136,42.39859109350232,4,0,40.36301185240739,intermediate,Bakery,32.984856163948145
2024-06-22,347 meals,19 staff,23.845876109022704,82.44654708154982,5,0,23.0835404135589,EXPERT,MeAt,23.488339105557657
2024-06-23,286 meals,6 staff,29.147940000658554,31.827468484229808,6,1,39.28771814347223,Beginner ,Rice,25.051997365774728
2024-06-24,467 meals,7 staff,22.78460943383577,35.4525923021789,0,0,6.935835277830624,intermediate,dairy,26.146311000793066
2024-06-25,314 meals,5 staff,19.57750924966998,81.28050248305581,1,0,10.940696970284698,Beginner,dairy,18.811488754218004
2024-06-26,374 meals,8 staff,26.937037537755188,67.83336185455173,2,0,21.558707939362165,EXPERT,MeAt,24.83513287228437
2024-06-27,456 meals,18 staff,,74.83416828237301,3,0,24.335682667285056,EXPERT,dairy,30.410529842900136
2024-06-28,383 meals,8 staff,33.58279040030925,42.56506024931126,4,0,15.540286140834274,Beginner,Rice,24.001607688712827
2024-06-29,321 meals,18 staff,21.838105562109806,62.22500733540621,5,0,19.259066833911497,Beginner ,MeAt,20.900504777951646
2024-06-30,301 meals,13 staff,25.5535493244339,74.23315341427829,6,0,11.51104404101475,EXPERT,Bakery,18.593416558604552
2024-07-01,464 meals,13 staff,19.232717971397225,67.63884822061576,0,0,24.565361268636288,Beginner ,MeAt,29.745821065941186
2024-07-02,309 meals,13 staff,34.91262218997767,58.30192601347257,1,0,36.75373171471445,Beginner ,MeAt,25.559963179727696
2024-07-03,245,14 staff,34.62235815735872,87.58702718626289,2,1,31.454415746452227,EXPERT,Bakery,21.335019670295626
2024-07-04,382 meals,11 staff,27.990178594148947,70.56944000720671,3,1,9.31168989462165,EXPERT,Rice,21.90555314558945
2024-07-05,329 meals,18 staff,31.088281193549467,84.46504801447426,4,0,24.503264135868644,Beginner ,VEGETABLES,23.811228013806343
2024-07-06,262 meals,19 staff,29.302003225674,73.78623069442088,5,0,32.905855311189,EXPERT,VEGETABLES,22.69200738891183
2024-07-07,467 meals,6,26.863164380789364,74.12781171586099,6,0,26.195811862157647,EXPERT,Bakery,30.996213750268254
2024-07-08,201 meals,14 staff,16.066959939777952,34.801096185460764,0,0,20.66702386142196,Beginner,Rice,16.14825981489598
2024-07-09,417 meals,9 staff,24.09528685105322,51.56787731123661,1,0,29.87657685135513,intermediate,dairy,30.152480567562797
2024-07-10,444 meals,8 staff,28.49572604334821,81.5021644031795,2,0,43.74554661201102,EXPERT,Bakery,35.19310847049898
2024-07-11,262 meals,16 staff,28.55063227767369,43.95623172892536,3,0,8.79631639064312,EXPERT,VEGETABLES,16.505033235305422
2024-07-12,250 meals,15 staff,22.46245236844767,36.93035196938797,4,0,20.60064242990243,EXPERT,Rice,19.20943782100597
2024-07-13,262 meals,12 staff,33.833839733160616,49.56636339832761,5,0,21.264234121843828,EXPERT,MeAt,18.854399525724897
2024-07-14,230 meals,6 staff,18.34714064473562,43.22627309355684,6,0,28.07869241873484,intermediate,Rice,19.930988943872954
2024-07-15,336 meals,10 staff,25.00718892431121,85.5172916875893,0,0,11.086984075276716,Beginner ,Rice,19.87050879597638
2024-07-16,262 meals,17 staff,28.817679531016456,82.07799852012786,1,0,12.06572119481878,Beginner,VEGETABLES,16.75893974805772
2024-07-17,151 meals,9 staff,28.942716117836184,59.98099381697425,2,0,16.414455439914185,EXPERT,VEGETABLES,12.887530356081811
2024-07-18,279 meals,19 staff,27.97277913537631,33.68063246903208,3,0,43.234801730740784,intermediate,dairy,27.415725074181
