feature,importance
meals_served_numeric,5.061070407274062
past_waste_kg,3.25356425114451
waste_category_Meat,0.4506314712798076
staff_experience_Beginner,0.300369522372984
is_weekend,0.2868019010426819
staff_experience_Intermediate,0.2614598264831677
month,0.2072061415695388
waste_category_Vegetables,0.1782780423241181
year,0.1763283469706583
waste_category_Bakery,0.1691644730785888
day_of_week,0.1337984341149333
special_event,0.12979678283813112
humidity_percent,0.10589407306477597
waste_category_Dairy,0.08394966497717761
kitchen_staff_numeric,0.04489059552847375
staff_experience_Expert,0.038909695889622266
day,0.03804431770136284
waste_category_Rice,0.019239290899930286
temperature_C,0.001813989181932247
