date,actual_food_waste_kg,predicted_food_waste_kg,residual,abs_error,fold,waste_category,staff_experience,day_of_week,is_weekend,month,special_event,past_waste_kg,meals_served,kitchen_staff,temperature_C,humidity_percent
2024-08-14,30.41064090298838,21.319235882994192,9.091405019994188,9.091405019994188,1,Rice,Beginner,2,0,8,0,16.709661943326395,350 meals,5 staff,22.0984932175402,41.395965973821546
2025-12-12,17.30199092637702,26.028239125398333,-8.726248199021313,8.726248199021313,4,Rice,Intermediate,4,0,12,0,42.102453952761685,247 meals,17 staff,25.88397325007404,56.854197030478325
2025-01-31,9.454286478063896,17.426804546771976,-7.97251806870808,7.97251806870808,2,Vegetables,Intermediate,4,0,1,1,16.267174178980998,250,18 staff,21.808231122285196,69.86703942559558
2026-01-20,23.250223317378037,15.338255057651743,7.911968259726294,7.911968259726294,4,Bakery,Expert,1,0,1,0,6.654975298690395,261 meals,14 staff,15.693454084521328,32.27855805417639
2025-09-18,27.86804749261122,35.70870445405364,-7.84065696144242,7.84065696144242,3,Dairy,Beginner,3,0,9,0,36.00643714115748,497,10 staff,33.32841089064132,55.30979013135921
2025-03-22,25.31743049392765,17.547838592103783,7.7695919018238655,7.7695919018238655,2,Bakery,Intermediate,5,1,3,0,23.09098049156556,225 meals,13 staff,29.78133951878745,54.00177815917748
2024-08-31,29.959985415208244,22.209757566782233,7.750227848426011,7.750227848426011,1,Rice,Beginner,5,1,8,0,17.507306601111686,416 meals,18 staff,15.600520106587856,84.75596073548343
2024-08-12,31.07881531317939,23.352306259133417,7.726509054045973,7.726509054045973,1,Meat,Expert,0,0,8,0,32.35372122581445,293 meals,7 staff,26.663816085541956,54.2018583015812
2026-02-16,27.33528625296443,19.800906584088494,7.5343796688759355,7.5343796688759355,4,Vegetables,Beginner,0,0,2,0,27.500484765412665,230 meals,16 staff,30.876362078160792,48.66220003562022
2026-01-03,8.98473259803978,16.1715253923814,-7.1867927943416205,7.1867927943416205,4,Bakery,Beginner,5,1,1,0,25.581077463289617,183 meals,13 staff,16.02587697962431,31.1667755051728
2026-05-24,11.448269134964992,18.621757148923148,-7.173488013958156,7.173488013958156,5,Meat,Beginner,6,1,5,1,5.150707782021322,351 meals,15 staff,26.86922765409448,34.27549995889368
2025-12-25,32.811230077844336,25.650025235889856,7.161204841954479,7.161204841954479,4,Vegetables,Beginner,3,0,12,0,34.673308549146384,294 meals,16 staff,31.346106244264732,56.19490330450947
2025-06-27,38.02099386435465,30.874338152923453,7.1466557114311975,7.1466557114311975,3,Dairy,Beginner,4,0,6,0,42.5344640118407,366 meals,10 staff,,34.50737460927056
2024-10-25,22.56234666986346,29.693349169393883,-7.131002499530425,7.131002499530425,1,Rice,Expert,4,0,10,0,42.88161112577437,387 meals,5,16.64544648554124,66.58134367497408
2025-05-02,15.202876362962016,22.317000926681985,-7.114124563719969,7.114124563719969,2,Meat,Beginner,4,0,5,1,21.66779358693867,301 meals,7 staff,23.223949777650915,33.595509319264885
2024-07-31,38.60846646684007,31.57580799064224,7.032658476197831,7.032658476197831,1,Meat,Intermediate,2,0,7,0,43.38504615158924,396 meals,15 staff,27.19394850305232,49.03733902655432
2025-07-17,13.018324789134931,19.92303683796854,-6.904712048833607,6.904712048833607,3,Bakery,Beginner,3,0,7,0,18.54106538907343,293 meals,6 staff,,81.53049500485562
2026-01-25,42.71602290787464,35.89493134284497,6.821091565029668,6.821091565029668,4,Rice,Expert,6,1,1,0,39.95287284649014,490 meals,9 staff,20.19656275880599,32.59021745177649
2025-04-14,37.68381630689746,30.87440930272487,6.809407004172591,6.809407004172591,2,Rice,Expert,0,0,4,0,25.87739856258308,474 meals,14 staff,26.904256682537493,79.45607915537246
2025-08-25,37.23400572952519,30.454990960028596,6.779014769496591,6.779014769496591,3,Meat,Expert,0,0,8,0,43.57533675136151,366,5 staff,22.469158902654105,65.57896205804593
