group_feature,group_value,count,mae,rmse,mean_residual,mean_abs_error
waste_category,Bakery,152,2.3645,2.9388,0.2382,2.3645
waste_category,Dairy,180,2.2963,2.8737,-0.2374,2.2963
waste_category,Meat,169,2.3894,3.0743,0.3196,2.3894
waste_category,Rice,173,2.3043,2.9086,0.6237,2.3043
waste_category,Vegetables,156,2.6538,3.148,0.1076,2.6538
staff_experience,Beginner,335,2.4194,3.0503,0.2143,2.4194
staff_experience,Expert,315,2.3176,2.8494,0.1829,2.3176
staff_experience,Intermediate,180,2.4924,3.1015,0.2377,2.4924
day_of_week,0,118,2.3775,2.989,0.4438,2.3775
day_of_week,1,118,2.1368,2.6548,-0.2113,2.1368
day_of_week,2,119,2.2107,2.776,-0.4463,2.2107
day_of_week,3,119,2.4573,3.0384,0.1665,2.4573
day_of_week,4,119,2.875,3.4133,0.4125,2.875
day_of_week,5,119,2.4389,3.1142,0.7812,2.4389
day_of_week,6,118,2.2767,2.8582,0.3049,2.2767
is_weekend,0,593,2.412,2.9862,0.0729,2.412
is_weekend,1,237,2.3581,2.9895,0.5441,2.3581
month,1,62,2.6589,3.3133,0.0134,2.6589
month,2,56,2.5083,2.9892,0.3113,2.5083
month,3,62,2.1374,2.7473,0.0261,2.1374
month,4,60,2.2355,2.7254,0.3595,2.2355
month,5,62,2.4026,3.1018,-0.0627,2.4026
month,6,72,2.4843,3.0447,-0.0888,2.4843
month,7,93,2.2896,2.835,0.2339,2.2896
month,8,93,2.2968,2.9843,0.0789,2.2968
month,9,86,2.3503,2.9162,0.1027,2.3503
month,10,62,2.3864,2.9013,0.8883,2.3864
month,11,60,2.5455,3.1011,0.3007,2.5455
month,12,62,2.5811,3.2164,0.4831,2.5811
special_event,0,705,2.4217,3.0161,0.2784,2.4217
special_event,1,125,2.2548,2.818,-0.1929,2.2548
