feature,coefficient,abs_coefficient,rank
meals_served_numeric,5.061070407274062,5.061070407274062,1
past_waste_kg,3.25356425114451,3.25356425114451,2
waste_category_Meat,-0.4506314712798076,0.4506314712798076,3
staff_experience_Beginner,-0.300369522372984,0.300369522372984,4
is_weekend,-0.2868019010426819,0.2868019010426819,5
staff_experience_Intermediate,0.2614598264831677,0.2614598264831677,6
month,0.2072061415695388,0.2072061415695388,7
waste_category_Vegetables,0.1782780423241181,0.1782780423241181,8
year,0.1763283469706583,0.1763283469706583,9
waste_category_Bakery,0.1691644730785888,0.1691644730785888,10
day_of_week,0.1337984341149333,0.1337984341149333,11
special_event,-0.12979678283813112,0.12979678283813112,12
humidity_percent,-0.10589407306477597,0.10589407306477597,13
waste_category_Dairy,0.08394966497717761,0.08394966497717761,14
kitchen_staff_numeric,0.04489059552847375,0.04489059552847375,15
staff_experience_Expert,0.038909695889622266,0.038909695889622266,16
day,0.03804431770136284,0.03804431770136284,17
waste_category_Rice,0.019239290899930286,0.019239290899930286,18
temperature_C,-0.001813989181932247,0.001813989181932247,19
